{"textures":{"0":"minecraft:block/screens/template"},"elements":[{"from":[-4.872093023255815,8,7.686046511627907],"to":[8.034883720930232,14.13953488372093,8.245058139534883],"rotation":{"angle":0,"axis":"y","origin":[8,8,8]},"faces":{"north":{"uv":[3.72404,0,12.27598,16],"texture":"#0"},"east":{"uv":[3.7241,0,3.8241,16],"texture":"#0"},"west":{"uv":[12.17717,0,12.27717,16],"texture":"#0"}}},{"from":[8.034883720930232,8,8.244186046511627],"to":[13.581395348837209,14.13953488372093,8.279941860465117],"rotation":{"angle":0,"axis":"y","origin":[8,8,8]},"faces":{"north":{"uv":[0,0,3.72406,16],"texture":"#0"}}},{"from":[-10.418604651162791,8,8.244186046511627],"to":[-4.872093023255815,14.13953488372093,8.279941860465117],"rotation":{"angle":0,"axis":"y","origin":[8,8,8]},"faces":{"north":{"uv":[12.27594,0,16,16],"texture":"#0"}}}],"display":{"head":{"rotation":[0,180,0]}}}