{"textures":{"0":"minecraft:block/lights/template"},"elements":[{"from":[-4.874635568513121,8,7.691253644314869],"to":[8,8.559766763848396,7.727113702623907],"rotation":{"angle":0,"axis":"y","origin":[8,8,8.006122448979593]},"faces":{"north":{"uv":[0,1,11.5625,1.5],"texture":"#0"}}},{"from":[8.06997084548105,8,8.251020408163265],"to":[13.56268221574344,8.559766763848396,8.286880466472303],"rotation":{"angle":0,"axis":"y","origin":[8,8,8.006122448979593]},"faces":{"north":{"uv":[0,3.5,4.96875,4],"texture":"#0"}}},{"from":[-10.43731778425656,8,8.251020408163265],"to":[-4.944606413994169,8.559766763848396,8.286880466472303],"rotation":{"angle":0,"axis":"y","origin":[8,8,8.006122448979593]},"faces":{"north":{"uv":[0,4,4.96875,4.5],"texture":"#0"}}}],"display":{"head":{"rotation":[0,180,0]}}}