{"textures":{"3":"minecraft:block/stage/black"},"elements":[{"from":[10.22680412371134,8,10.22680412371134],"to":[18.144329896907216,8.000309278350516,11.711340206185568],"rotation":{"angle":0,"axis":"y","origin":[8,8,8]},"faces":{"up":{"uv":[5.75,9.25,6.5,13.25],"rotation":90,"texture":"#3"}}},{"from":[26.556701030927837,8,10.22680412371134],"to":[30.02061855670103,8.000309278350516,11.711340206185568],"rotation":{"angle":0,"axis":"y","origin":[8,8,8]},"faces":{"up":{"uv":[5.75,3.25,6.5,5],"rotation":90,"texture":"#3"}}},{"from":[30.019845360824743,8,10.22680412371134],"to":[32,8.24742268041237,11.711340206185568],"rotation":{"angle":0,"axis":"y","origin":[8,8,8]},"faces":{"west":{"uv":[5.75,3.375,6.5,3.5],"texture":"#3"},"up":{"uv":[5.75,2.25,6.5,3.25],"rotation":90,"texture":"#3"}}}],"display":{"head":{"rotation":[0,180,0]}}}