{"textures":{"3":"minecraft:block/stage/black"},"elements":[{"from":[7.076923076923077,8,7.076923076923077],"to":[16.307692307692307,8.001153846153846,31.076923076923077],"rotation":{"angle":0,"axis":"y","origin":[8,8,8]},"faces":{"up":{"uv":[4.5,13.25,7.75,14.5],"rotation":90,"texture":"#3"}}}],"display":{"head":{"rotation":[0,180,0]}}}